﻿<?xml version='1.0' encoding='UTF-8'?>
<dd:deploy xmlns:dd="http://www.apache.org/ode/schemas/dd/2007/03"><dd:process xmlns:dd="http://www.apache.org/ode/schemas/dd/2007/03" xmlns:diag="http://simplebranchingoption.com/SimpleBranchingOption" xmlns:xs="http://www.w3.org/2001/XMLSchema" xmlns:this="http://simplebranchingoption.com/SimpleBranchingOption/SimpleBranchingOption" xmlns:Client="http://simplebranchingoption.com/SimpleBranchingOption/Client" xmlns:xsi="http://www.w3.org/2001/XMLSchema-instance" name="this:SimpleBranchingOption" fileName="SimpleBranchingOption-SimpleBranchingOption.bpel">
  <dd:property name="PATH">SimpleBranchingOption</dd:property>
  <dd:property name="SVG">SimpleBranchingOption.svg</dd:property>
  <dd:provide partnerLink="simpleBranchingOptionAndClientPlkVar">
    <dd:service name="this:CanonicServiceForClient" port="canonicPort"></dd:service>
  </dd:provide>
</dd:process></dd:deploy>